Turbidez_Entrada;pH_Entrada;Caudal;Eficiencia
38.07947177;6.555398787;335.5351154;0.895160432
95.12071633;7.625702842;322.2809192;0.949098431
73.46740024;8.618837508;915.6291225;0.720755672
60.26718994;8.196674659;324.5915799;0.825344053
16.4458454;8.419683444;344.7547535;0.978730431
16.44345751;7.9763501;783.4584362;0.979773312
6.750277605;8.076829694;504.7658582;0.930998127
86.75143843;8.547586955;799.0395013;0.928111871
60.51038616;6.749004027;158.8295418;0.944144562
71.0991852;7.468274891;538.8140743;0.740125321
3.037864935;6.663628325;130.2522402;0.812874126
97.02107536;8.963004024;156.3878831;0.741720013
83.41182144;8.832178019;915.793708;0.969462222
22.02157196;6.118280434;225.320834;0.74261114
19.00067175;8.116725518;579.178614;0.888928252
19.15704648;8.775744952;469.9860423;0.920845239
31.11998205;6.541726035;412.6089936;0.80959553
52.95088673;7.703835692;909.8500111;0.931232014
43.76255685;8.746464893;119.6410571;0.72040683
29.83168488;6.101837936;697.4107176;0.773884526
61.57343658;8.092260802;967.0549908;0.809983487
14.8098922;6.892047022;604.1513651;0.961475608
29.9223202;8.773188586;943.1402158;0.882511774
37.26982249;8.913174735;147.0320914;0.790597911
46.15092844;8.832799467;476.9139872;0.789936777
78.73242018;7.42264265;334.1420119;0.947265642
20.76770443;8.586127953;757.7388685;0.849836417
51.9092094;8.533648196;983.1673814;0.955636631
59.64904232;6.95730142;330.8770562;0.707356147
5.598590859;8.486746422;688.7571413;0.859701378
61.14694034;6.111022904;278.2878695;0.709641636
17.88188825;7.788809635;608.7972291;0.732708411
7.440107706;6.690026512;517.539238;0.801159615
94.93966819;6.361700657;974.8047967;0.808676503
96.59757127;6.230859605;647.6745454;0.735692565
81.03133746;8.088866328;414.5557349;0.706411517
31.15676315;7.019624891;202.6862064;0.744789323
10.66953929;8.174300315;236.1221459;0.938798202
68.73906962;6.196069022;302.785237;0.89281939
44.57509688;6.945871013;325.8699952;0.764400185
13.08178525;7.618473877;865.5544521;0.859166903
50.0225141;8.372169495;605.1005095;0.755372423
4.40446359;6.956257509;571.0518202;0.718941655
91.02271981;7.877674129;203.2919847;0.832107324
26.61921818;8.657933245;874.125724;0.942086081
66.58970615;7.847589565;750.5328729;0.732017592
31.85939653;6.698878424;160.9015257;0.74680928
52.4867341;6.073202345;737.0515875;0.748980224
55.12431765;8.610296622;589.1843956;0.891264351
19.3005911;6.063808233;173.5528112;0.806002542
96.98887815;8.624105018;512.4705774;0.991498681
77.73814951;7.586811402;536.2266584;0.857293369
94.01039521;8.817203096;249.1970861;0.79313696
89.58790769;8.396349707;951.1283323;0.824663679
60.1920979;8.993802332;864.9778343;0.939465967
92.26554927;7.052135446;702.1201036;0.969369067
9.760757703;8.301564867;516.0660049;0.735216082
20.40230338;7.205792741;470.5889874;0.917000477
5.477501602;7.439626861;685.8761204;0.922661257
33.20770275;7.88251639;590.8886825;0.88215694
39.47905168;8.621031343;156.0457953;0.769905927
27.86355415;8.952250408;561.2523839;0.830068353
83.04501341;8.304820242;825.7632555;0.974125652
36.31857934;7.253300347;513.3158898;0.985097879
28.81251646;7.264071007;146.7609198;0.783944445
54.72691223;8.212746905;807.6503794;0.900234208
14.95149827;6.716331437;281.2274039;0.871914182
80.41750109;6.331422339;332.7587514;0.773331239
8.380513724;7.063866473;248.2357181;0.934609972
98.70180672;6.861716975;397.1935584;0.79721915
77.45223216;6.888924361;781.0763551;0.780881673
20.67285247;6.700823253;567.4472736;0.808829596
1.546689595;6.126279569;284.3931467;0.719238549
81.73068142;6.053621804;890.0470703;0.919487635
70.97887704;8.963167169;891.6236695;0.962229799
73.17170964;7.283319401;883.5205825;0.973995587
77.35576432;7.152979941;314.9165902;0.836868305
8.330420522;8.038941848;506.1154098;0.76259022
36.48810713;6.654761664;986.4906905;0.932304686
12.47103689;8.849883552;794.8112287;0.911919158
86.44723916;8.359035043;124.4506791;0.925302252
62.70651456;6.268233007;158.6841321;0.884230226
33.75890446;7.252742327;517.5382391;0.868822927
7.292276678;8.637354923;918.2981853;0.79955835
31.78724985;8.834196067;584.8316182;0.843604445
33.19314888;7.402204534;548.0312572;0.745347377
73.23101166;7.840234168;194.92633;0.971560879
64.11818966;6.501101838;691.1020943;0.934023681
88.83406152;8.973505878;839.8928445;0.795157657
47.74927759;6.695015104;442.3780068;0.820165715
12.83983035;8.828195322;798.0506658;0.796475824
71.61123394;7.948939947;968.0289885;0.712655375
76.31771981;7.823210385;283.3898132;0.880093982
56.56644256;7.538065533;570.9966681;0.869585199
77.32575082;6.692009435;358.4241623;0.86768485
49.88576404;6.529584096;813.5689771;0.759583748
52.75055011;6.661458627;619.8340293;0.895349239
43.32656082;6.559314786;671.1241758;0.992527971
3.516493548;8.338753421;818.1227437;0.804372584
11.68125127;7.050375778;456.3734254;0.871117079
4.111489383;6.17352803;923.5810616;0.809387305
64.00463072;8.90730789;579.7259805;0.771766647
32.12124213;8.651357655;242.1593406;0.866998627
51.34849843;8.78325685;726.3092064;0.71522858
90.84908092;8.984723468;813.9352154;0.811447524
25.67993069;6.521685748;385.0855094;0.91094755
41.62790938;7.188726057;871.4613313;0.83516677
75.79956272;8.274715427;915.5289293;0.97093524
23.65101838;8.088061854;349.2140386;0.713722454
8.621011073;6.461687719;985.1693254;0.979907874
29.68539384;8.447499375;226.6403752;0.838118326
16.96090744;6.673321716;281.8141016;0.984834002
93.04006758;6.671452844;265.8023553;0.923619163
81.00391758;7.610923269;904.590739;0.960555552
63.70697189;7.778819805;688.8632971;0.931058693
87.27459843;7.740258624;236.8938549;0.982746756
80.56353561;6.274460512;496.2910765;0.716275182
19.47043583;8.632382588;653.7682226;0.95011247
89.36334085;6.796800128;175.1176765;0.974721868
54.39488195;6.388544764;894.1747316;0.791127215
80.93657536;8.66624424;823.2431819;0.828122498
89.71303869;8.866954495;554.6860962;0.881860865
32.48234402;8.586382852;970.4139537;0.862714316
11.89514053;8.428548224;475.9848813;0.88765695
23.56558109;7.965725942;985.6992871;0.897739305
43.28367107;7.652572112;701.1279989;0.8098152
81.98346183;6.26096028;671.2041459;0.925590878
86.21232774;7.225359639;249.3594058;0.932204927
1.688260923;7.118065551;893.7349825;0.929634709
51.56398296;6.779261351;484.7407191;0.983173837
42.32368931;8.170260341;246.0100652;0.885999344
22.98867324;7.487627205;111.346768;0.816726312
12.86667137;6.243138648;603.7801153;0.835608436
34.42390197;6.660549606;574.6596599;0.897507439
94.34806069;8.049776291;747.4182601;0.776990556
32.99709027;6.228392578;901.2322477;0.81053042
52.36027155;8.553620742;171.4659262;0.802662703
70.59887693;7.485439581;758.3468413;0.894170298
36.99933064;7.441759732;268.6707497;0.714503209
97.20642619;7.777223354;872.3593478;0.966897591
96.2822822;8.474042898;837.1571625;0.952662243
25.92644729;7.043427624;586.7143795;0.881299535
50.22760208;8.034048458;739.2185188;0.70253747
30.78695267;7.697195892;382.9151019;0.882811654
29.19920894;6.801084811;524.051109;0.782544634
4.651807788;8.635889959;839.4732079;0.801641722
61.34686906;8.392278065;513.3386775;0.872458171
50.7652233;7.975355504;422.0184388;0.886506651
6.096396374;8.551745187;544.7912025;0.910499888
28.58599996;8.601882603;845.4243272;0.79599598
90.91832271;8.12508893;401.6872426;0.7861841
24.71662718;8.511039985;256.3854338;0.911866442
15.34459234;8.092414385;740.8126183;0.744677101
49.45582327;8.040422315;843.3803914;0.837263313
98.57939496;7.855834135;190.5737307;0.788445991
24.96347188;8.258149919;315.8867015;0.909250198
67.54141919;6.475815316;227.7747908;0.991845435
76.40034192;8.642612278;413.1472704;0.805855914
24.52611686;8.615530583;505.315881;0.706057602
73.09341851;6.087741849;773.9437033;0.852973219
37.41053014;8.477450252;686.0328264;0.71987082
63.59827723;6.386609602;658.8357107;0.757357131
63.71944137;7.005356563;417.1374519;0.785125983
54.04169372;8.230524769;857.3027978;0.892893771
9.938687235;6.482279688;524.1584507;0.728405014
83.69494706;8.453901072;981.1944442;0.909268994
32.75722643;8.496402534;670.7279245;0.92145444
19.46533253;7.522403201;213.6382674;0.800161089
5.036739014;6.019157615;708.5598059;0.769932654
59.49840138;6.8611144;392.5936139;0.874297299
68.07887182;7.850780755;717.694477;0.8879471
2.642195064;8.943558534;162.6770333;0.831746828
51.69721277;7.895440581;257.3932935;0.876436868
23.42308174;6.779410743;870.163533;0.880977511
64.87210625;7.902017109;304.4616013;0.985984184
18.26227647;7.619956139;853.3370127;0.983503273
69.40283607;8.339536185;351.3484796;0.82569941
39.28679928;6.320941916;678.5937191;0.948412363
93.73626888;8.283083708;724.7355162;0.729355236
14.61457347;7.623799736;561.3892778;0.983992971
34.76556875;8.888976012;374.779609;0.728268545
12.2338786;7.025616498;291.3799387;0.774165462
92.54466821;7.897865679;129.8704191;0.944367701
87.85659598;8.796084317;373.5517611;0.79352547
26.53622114;6.307529184;687.8465115;0.715121071
66.33842056;8.811685462;944.4743366;0.884892308
81.90499782;8.063657167;884.084034;0.799004733
55.96488035;6.203511177;789.4582989;0.903254343
53.43540726;6.902890701;809.6026089;0.87841468
24.9433768;8.124516266;698.4864131;0.838656342
10.21717401;6.202051804;334.2581718;0.841052046
89.82436004;7.746511381;916.4755276;0.73722249
90.14138766;7.037649171;703.6590807;0.816373533
63.67704427;7.862746553;604.3965679;0.878605236
34.56394931;6.137226101;199.8905223;0.847575081
35.57174789;8.614610418;502.3499894;0.707237709
72.86961221;8.920466908;514.3224441;0.979882269
89.81391574;8.906633566;878.1072486;0.7484415
88.821556;8.248955495;591.9833982;0.960364994
78.20767904;6.39025872;442.3604941;0.995447919
64.56113297;8.274789588;979.1202957;0.782664584
9.329856535;6.073760749;199.648534;0.852481221
17.0012427;6.066370655;480.2935855;0.998338389
89.95686466;6.970830657;137.8222077;0.990644659
61.03647691;7.465929571;765.9137087;0.86194405
1.91050811;8.311222253;926.268897;0.720258165
11.04568274;8.04988613;352.0335966;0.913415592
66.68667514;7.337708119;872.5075091;0.981392102
1.501096801;6.820879999;362.9964074;0.711799655
16.91999709;8.9913735;919.6931455;0.968733535
55.32464515;7.278543907;778.5657132;0.957423627
69.49762457;7.354161073;824.4160992;0.768753969
65.54416469;6.490871464;116.2059;0.769256063
23.20266164;8.384428646;966.5293214;0.95774226
71.50574291;8.081046677;754.0038929;0.990547851
24.48765966;6.662308838;374.2759858;0.784670999
33.21457012;6.247143137;846.4551984;0.879166915
74.90264911;8.041497906;353.3690786;0.954215122
65.31365701;7.963533643;885.4784556;0.830992412
85.07311764;6.819778581;201.3223514;0.817656959
66.10367634;8.852590687;733.3173797;0.942008314
57.26255173;6.453173675;586.628629;0.776895612
10.27380201;7.297004403;186.8810232;0.994404434
37.4038645;8.830847761;317.7044454;0.751427914
27.2550344;7.259181951;111.1636326;0.817115216
25.15497469;7.915577843;521.8911689;0.710381296
97.32804492;7.192783194;371.1387347;0.947462099
39.91667474;6.822645607;638.5217359;0.78036777
89.31260896;8.951932944;367.5140269;0.728271721
63.48272397;7.228002019;369.9272004;0.929932107
79.68631905;8.682297611;768.8738789;0.799940713
50.76107222;6.689863818;143.3285524;0.850771361
58.11348458;6.639314112;912.6054957;0.882246706
49.75925169;6.093402249;867.037487;0.72568813
20.32905579;7.955000476;701.0242149;0.824788013
72.52275941;7.105579031;633.8994131;0.856347887
28.79646388;8.59307475;903.0722483;0.976841443
3.407280677;7.41962972;266.7971616;0.917387975
64.90175729;8.904580284;171.072246;0.855353294
18.53395726;6.556576547;315.5591529;0.800916728
94.10539985;8.605869504;815.1204508;0.915948426
95.43892912;8.329790558;131.2032401;0.914138571
91.57157463;8.312765534;624.5261516;0.782827435
37.64571133;8.534349684;995.8937646;0.795309831
2.530205036;8.283071973;870.1264845;0.743374857
92.9035377;7.878660965;569.3011201;0.790776149
43.39023068;6.393734633;157.2768184;0.982063779
96.69882709;6.097578538;848.2361629;0.961251594
96.39837773;8.762543543;639.0806574;0.75168297
85.44793609;7.849950944;203.4396974;0.81071504
30.15044031;8.389611873;184.4715563;0.845106154
39.12467513;7.444567055;918.6641375;0.987849131
85.26253048;6.351924567;702.2802366;0.914825782
32.37527851;6.375557377;846.3581194;0.777295815
17.77978192;8.056695862;891.0810103;0.875747427
56.12332498;7.290917685;614.5951168;0.812582082
93.67932264;6.60157418;565.7017166;0.947637628
69.90694987;7.47478364;487.3846693;0.816429172
57.43605584;6.192626811;385.251929;0.774613793
10.62047288;7.745914206;491.1363648;0.71899656
61.88571544;6.806980213;796.4916902;0.796716605
99.01533116;8.392677302;641.7310879;0.779333967
14.86831751;6.931085877;903.270961;0.953639867
52.31463558;7.365660447;499.0420129;0.842573003
87.85993412;6.03486162;646.3806208;0.762062647
74.33609316;6.217340663;668.1767978;0.90253609
70.00455836;7.177480669;632.5274461;0.869575109
70.54592431;7.439816504;732.3703958;0.95084325
36.58962397;7.800061644;313.6901215;0.828201252
30.06559258;6.874987736;561.1273998;0.943264438
81.12675439;8.084945658;193.8023225;0.873957393
81.20122607;8.580367192;446.0601949;0.963083667
86.84015954;8.339552967;538.9003618;0.912693579
91.4108147;6.118856476;687.0018336;0.980357971
51.62289749;7.441520842;955.4779473;0.914275367
50.65011317;6.314790535;640.5859599;0.832388143
80.03122272;6.726135048;769.2345246;0.738979842
65.34642915;8.95998778;555.6394535;0.855265183
70.49472085;6.427486629;670.6936282;0.867205241
79.78347427;7.49666446;163.8389945;0.722042063
89.11052884;7.854467203;328.9524228;0.751920153
34.46152053;8.107394912;425.6677839;0.870435622
38.18271231;7.67894605;525.2440195;0.843012978
10.30421204;6.029312542;141.083871;0.980687587
58.24973396;6.979383925;226.0216878;0.789977385
4.558285106;7.55313493;349.132877;0.843834148
47.0942038;6.263599497;974.3794218;0.841953024
54.72181884;7.051880794;398.2123064;0.789535138
29.36758396;6.099609326;533.8369523;0.887255806
59.4924928;6.235735491;276.4879415;0.916424426
4.019524744;7.190769829;649.702064;0.868181828
4.697470686;6.398147262;352.614894;0.742554779
82.43745551;7.702622545;286.2933206;0.945708479
36.6588735;8.068394907;564.9153656;0.861011984
13.57899075;8.401760097;104.9552192;0.867643107
52.70208275;6.600450733;106.8976294;0.735054269
77.22936176;6.502447747;297.1619282;0.954448027
22.36628172;6.313703521;133.0492263;0.725530523
62.66615711;7.909290749;197.2231787;0.784728334
9.449399034;8.119427179;404.9745844;0.740335854
6.116490396;6.094758434;822.3271116;0.777754393
53.60410853;8.808636739;614.843779;0.730722811
54.52287704;6.155913851;561.4009534;0.929744144
64.10556025;7.623889006;364.1399409;0.826949466
72.88304204;8.127181558;938.5783475;0.807912288
97.60935587;8.612907371;457.3135371;0.957651113
52.11373448;8.142260796;178.3834901;0.777867787
32.97269082;8.405184249;655.3598645;0.861025444
79.72343328;7.018350578;202.4545541;0.775935184
27.81239287;8.444475341;410.7008285;0.919015254
44.45817065;6.240344539;556.6707448;0.980448857
8.767181753;8.684449968;886.8002722;0.899624824
3.509723598;7.642777128;544.1919223;0.985000257
96.30219305;8.45189331;732.0328894;0.970619516
83.76203193;7.356954854;993.5351551;0.831636816
69.9014464;7.930733086;218.3402079;0.725251379
41.4863415;7.579207983;347.258373;0.889808078
18.15613769;8.194768565;455.118468;0.780888472
16.48726722;6.244889946;479.6453607;0.799055072
25.77404692;6.181056252;469.9189677;0.818155741
55.37343981;6.741309702;916.8499023;0.93140147
71.74499635;6.47863404;742.62938;0.868290365
66.3595403;8.6153507;647.1146927;0.982476338
28.7134558;6.657641962;378.4354461;0.923753007
95.53166279;8.927595767;841.4113458;0.923835873
74.05179475;7.010687375;959.5544603;0.816701898
55.8810512;6.546353747;839.0784543;0.806664134
61.56035388;8.369095521;101.4085947;0.97030898
42.54040618;7.976123327;672.7612332;0.827030811
25.52536796;7.494587149;146.0218433;0.93629201
36.24129519;7.666090653;331.8464983;0.824381371
76.02676494;8.157605335;153.5722303;0.824639517
2.424955374;6.685364224;643.4159077;0.943280395
12.49119141;8.989001748;717.9309221;0.889241083
5.55426156;8.924379486;203.0388743;0.825187406
5.03215143;7.950977059;445.4549947;0.903109495
85.69059782;6.598627353;510.6128581;0.804084381
70.66212808;8.040684727;432.1477196;0.89315593
47.94320908;6.216595227;208.9225004;0.93779766
10.6855819;6.091957507;477.0530112;0.988334568
49.66997164;6.773048666;776.060243;0.982331507
47.87370531;7.38786887;163.9068981;0.832255551
18.14698512;8.604817516;172.1620127;0.782414825
43.95131327;8.181507209;419.2941627;0.830163803
40.45196871;8.228119564;947.5531405;0.921889647
61.96915971;7.276480003;701.7153821;0.782703482
63.87427144;7.037804978;710.802961;0.833913625
5.485096967;7.113116289;425.7279918;0.943139616
38.08664885;8.962948691;634.2947121;0.905377211
62.96013166;6.120327574;109.1180656;0.972690204
50.8104896;8.601094488;672.4864418;0.888249393
85.79249428;7.736026226;921.9582528;0.836582893
66.21066953;7.315846258;651.3161215;0.860062806
17.13050828;8.175772981;886.3287341;0.84248095
7.986305993;7.460006824;751.5757499;0.791133882
64.59950854;8.620269714;208.5025748;0.941534407
3.624619744;8.702105592;912.2079766;0.875538727
58.99178255;7.265162781;159.7994599;0.767335938
94.0827939;6.830483392;580.5707253;0.837804658
57.97194361;7.777050986;227.9234114;0.999860258
39.42882269;8.737090037;110.5359497;0.823120286
64.68553363;6.631986567;479.8308341;0.960131996
46.36703616;7.868899751;365.5366369;0.78173594
55.01606214;7.89468066;537.4004444;0.846796079
94.20501607;8.199339067;619.4798981;0.819498542
39.22416114;6.394703055;139.3651651;0.90322143
96.15786582;8.147474894;210.7029656;0.752047562
90.62971355;8.727097562;602.7781568;0.967010828
20.38332234;6.539049327;408.8506179;0.88723153
7.866768787;6.712629975;756.2561388;0.961918398
10.97702214;8.914185282;687.0624837;0.865132828
2.80396074;6.542930858;861.0439267;0.938741913
10.34985311;8.56315528;723.243544;0.98952856
68.61767057;7.476833569;486.9379697;0.88479867
8.047676198;6.741693223;705.6699602;0.931980158
32.5785874;8.612249704;347.8430568;0.845514057
84.64265579;7.335915765;375.6821489;0.867004455
3.303921638;7.544452062;810.0866439;0.822045234
81.63237978;7.077700108;501.7775648;0.832789646
28.9036227;7.778852554;818.5423065;0.833585324
12.69831793;6.490571618;840.1801363;0.776518583
69.97697937;7.17324461;871.8061039;0.770164443
63.26534183;8.908236967;924.9717123;0.993187995
87.86972934;6.774400298;487.8866985;0.840158134
73.77203334;7.970209994;386.9801365;0.808659163
80.54461211;6.975570193;623.9788719;0.939602337
28.92142268;8.320419377;434.0551811;0.919982791
18.56651483;6.392620982;640.9667501;0.834790339
75.31086041;8.909463135;735.0272764;0.929324176
80.87663919;7.361368624;719.5645166;0.864458501
99.06000906;6.70815139;437.0975983;0.943292757
41.84915001;6.220490242;250.1741815;0.931583487
37.82979049;6.509273715;487.4764046;0.898061224
77.86488311;7.559321846;228.3347297;0.827937398
34.73955049;7.011009529;901.0873317;0.92004588
93.14497523;8.486650098;411.2897147;0.837782743
85.98286243;7.292662571;239.0137725;0.964413663
43.47040871;6.746142818;122.9029839;0.793674645
75.33623571;7.85143496;681.2401477;0.862608421
75.69974453;8.120331651;673.2120857;0.822621721
11.20926301;6.501125724;406.5437499;0.945534923
90.35273776;6.502857649;164.5407;0.856616805
51.01998487;6.110014281;468.6660054;0.752150081
82.81928914;8.209206045;380.0957456;0.998051736
32.6849105;7.991413583;709.4085758;0.767387255
89.65679962;7.423892627;645.2013245;0.907851503
39.53096619;8.532511347;428.1343554;0.939573986
2.072927497;8.417010459;296.1032988;0.906999732
90.63281567;7.756063093;989.2323695;0.867610534
10.037381;8.604813842;508.6014591;0.826864684
32.61205012;6.61752363;719.4468122;0.87566195
95.05613474;6.335758858;226.4976708;0.957200108
95.11010755;6.809248835;537.0307297;0.788417497
57.77035092;6.171260568;124.7830479;0.991571663
63.551884;7.593508584;554.9096061;0.892456572
45.39610668;8.809817077;967.6156664;0.913585832
30.0278664;6.118030622;445.7860417;0.850245586
33.53778999;6.366329742;135.0964113;0.886514457
67.57932715;7.356597085;127.8602118;0.939938774
75.48507841;8.801625053;449.188084;0.758994332
79.36632533;6.948468315;244.0224428;0.9389668
79.17219614;7.521704426;121.0168867;0.948056668
10.0294042;6.124718577;780.5922526;0.904687352
49.94761017;6.445029603;512.670708;0.825078477
6.698317242;8.959890369;360.3202948;0.819843877
55.40335935;8.895356089;910.0748647;0.846636537
44.71151964;6.014819943;204.5250642;0.972111578
88.88271409;8.855435356;960.3269461;0.856018437
35.74058624;7.917359813;382.5700456;0.907863513
12.58963463;8.603754884;899.5633051;0.77282875
15.15617652;7.364219567;642.6485888;0.931687883
76.38955254;7.546788086;844.0366238;0.769878412
62.20358827;7.466539741;985.6118469;0.965767653
11.01114494;8.000592773;359.564894;0.90871879
9.326573805;6.418953764;965.0219369;0.902227512
70.39594401;6.08992077;450.5337054;0.821051015
8.20353763;6.923789825;446.9607143;0.879625963
82.36414587;8.114042288;406.3483938;0.78314369
70.91798049;6.605560356;587.2668466;0.988637916
9.053529284;8.0202973;238.7305389;0.787237334
9.398933694;8.909736138;598.3403368;0.798817952
98.67731827;6.281702147;587.5343312;0.846181766
38.05280878;8.017806355;785.7116313;0.931899983
37.69357256;7.331250658;850.2849657;0.808372797
81.46715716;8.604426763;496.3972153;0.922720723
94.77760916;6.531449368;372.0999244;0.789986029
98.61410532;8.077877857;333.4014076;0.918102812
75.58444034;8.514345869;275.161453;0.921742422
38.24969897;8.833842658;151.882824;0.877335819
9.266570953;8.049744085;408.203181;0.764686744
77.93754468;7.491524292;343.2229229;0.822187926
56.28202072;7.853541721;969.7756473;0.894323802
42.99797892;8.606714953;601.9379436;0.862030634
90.72908412;7.71182924;412.5493351;0.764196221
12.00855075;6.091161179;622.4208409;0.923970727
49.76988532;8.792846087;225.2770312;0.814418821
2.124010832;8.068580253;499.6393743;0.860504554
47.39740356;8.029540157;663.6108893;0.863174648
6.574024293;6.647025457;540.0080486;0.75981624
12.76297371;7.976656411;461.6009206;0.983791236
12.63509843;7.181593217;994.46355;0.838483592
65.27181991;7.953698931;892.2832859;0.844485161
74.85844305;6.319779091;661.0653623;0.862225377
58.75350774;7.973535914;612.4396251;0.875808176
96.2550823;8.998241177;658.5944318;0.965190738
38.11218737;6.144636117;281.180897;0.953429262
29.28549654;8.931522553;455.6239689;0.801596253
86.99131369;7.220723882;135.5135796;0.893825279
23.13598801;8.612260351;527.9914337;0.754023634
96.3590314;8.347156452;588.7221256;0.980196275
2.203292994;7.701048783;304.9747625;0.875823962
97.01800384;8.215347628;967.6259624;0.930868791
5.272831283;8.635546684;918.5091498;0.757226535
89.22316826;7.212420965;749.9289119;0.96701086
53.2424098;6.981099485;580.0479659;0.93023234
99.30351482;8.002780157;882.9722437;0.935648464
8.305859909;8.423537826;217.5871094;0.861667381
55.83157416;8.286855404;811.4588148;0.885756415
96.96095103;8.393440947;212.3387326;0.886975842
52.78668657;7.306749944;814.7895963;0.918956127
63.31046518;8.453502649;348.1908114;0.787472978
69.87912021;6.360627166;889.3815229;0.830751216
45.99956541;7.633467294;949.6378844;0.953717731
63.12824993;6.017275981;233.9163725;0.75536443
58.84711688;6.97375749;516.4080446;0.794216724
90.21464304;7.099384605;982.8886403;0.914939227
5.499191654;7.188518075;535.0666924;0.996143682
28.81535577;8.08640162;877.1927703;0.898486781
95.09073692;7.165674304;629.8583699;0.779543555
89.13611461;7.346080868;437.7969171;0.988009438
46.11001853;6.712632393;357.2052;0.765369928
62.39312718;7.119755375;282.900782;0.879164844
28.46073712;6.681808882;785.6183722;0.930141793
19.62399481;6.219587771;447.8864561;0.783989814
46.90614209;7.81034578;560.147916;0.89513142
35.98187057;8.004638396;543.092932;0.774630479
58.78195507;7.858471038;619.5511263;0.821180343
8.69572906;7.390482131;879.0194311;0.986318055
97.46508596;7.139357341;982.6654092;0.946903765
98.6348637;8.590000949;466.8257877;0.838871069
70.11800969;7.557245355;844.7670299;0.773742809
54.07354027;7.437545633;788.0750152;0.836648553
31.64323401;6.076926197;616.1760563;0.922042174
81.56570695;7.023743483;960.4424293;0.884959408
68.78838608;7.140586856;280.427064;0.994318582
17.099077;7.196468343;198.3377893;0.974297564
91.18179126;7.740517108;868.5657703;0.890701735
82.43118705;7.60080764;495.234835;0.848291661
95.03019142;7.823715278;862.2719688;0.969939344
72.84623133;8.294649785;903.7811847;0.919234877
61.7281044;8.438957216;156.2118343;0.810299154
42.40606059;8.154369229;895.1182867;0.969149463
93.34011985;8.866571088;503.4871498;0.87803948
86.74032506;6.054697748;559.3892401;0.836419117
5.476648341;6.587333957;663.93326;0.814096254
3.610330475;6.022688625;933.7443461;0.803977431
38.26987332;7.942424142;117.204485;0.800910519
81.24477975;8.694091647;529.1591215;0.77446235
98.7403368;6.73044689;718.9498382;0.970141321
15.89127222;8.781103634;750.4362619;0.814106495
59.81894082;6.180802171;723.2791884;0.872218347
38.70819481;8.80330808;220.9916165;0.882247059
97.02152538;7.054868062;369.4560295;0.841251693
84.36977339;6.304262485;422.8439729;0.874916031
83.99454177;7.457615278;823.9934869;0.929198021
47.40062282;6.770329703;350.8838852;0.801967818
42.06713073;6.854618706;289.6344675;0.805560997
28.06730012;6.921869895;961.7032171;0.944549051
6.581174168;8.409077693;107.9769566;0.959304464
86.60751525;7.61748383;998.0387701;0.895258988
81.4771999;6.933923097;709.139169;0.896542788
99.97204966;7.83100135;845.6223695;0.862428636
99.66704687;8.148452023;365.1574567;0.863236905
55.98773885;6.817872002;112.8837499;0.750573878
77.1297541;7.240647305;764.0825667;0.915167262
94.53180726;6.36565828;850.7301373;0.802106044
85.11509168;6.543448049;766.4285188;0.864870829
25.48746207;8.043353562;228.5652586;0.794628203
45.6038694;6.544315043;778.08513;0.969412107
13.7867821;7.575490151;792.0305039;0.862615846
95.4510517;8.127138785;692.6864641;0.758211941
61.01128881;6.320630769;789.5043395;0.799937372
23.63563774;7.701936659;861.3292957;0.781431274
67.49836776;6.769688351;652.2437028;0.848098729
62.19469581;8.888780626;179.7442426;0.760008495
36.45810909;7.45063694;538.8650287;0.888877453
12.24220163;8.417977649;169.8844012;0.973985949
67.48574636;7.650679626;466.7887279;0.917519265
52.51046239;6.130237599;466.3958402;0.838150465
77.45952078;7.899454127;159.4088597;0.990315555
52.49618661;8.854210027;413.9384806;0.968038118
85.36596853;7.80483546;199.8982889;0.769740047
55.63877704;8.457566578;827.411689;0.873049403
56.53285918;8.65261939;952.9192234;0.914333305
87.78870666;6.684239316;165.0848277;0.801190468
40.94480376;6.63613452;959.6036866;0.764504273
14.26750762;7.832942967;570.3189394;0.835093134
3.849484955;7.233085409;369.6091102;0.794898452
75.75858831;8.519583909;169.1758677;0.92147479
62.41064558;8.70006937;550.5618413;0.910962649
70.70389704;7.060264138;815.06399;0.826903934
22.08345199;6.710611677;736.3778295;0.769293573
14.50077608;8.341576546;145.2034103;0.848222031
2.439921901;6.824418107;165.6116518;0.754817637
35.70816832;8.467842956;462.5859544;0.945370528
59.401851;7.271214761;365.7614446;0.874756066
39.83216046;8.002649698;309.1458908;0.813171331
44.31001728;6.286605942;352.904049;0.754798478
90.51171075;7.871577974;823.134469;0.975985959
35.47729124;7.355303036;936.3052483;0.914408708
51.88495943;7.75982539;464.5924251;0.926451793
78.58164826;6.504042623;915.4999019;0.8939256
40.25773545;8.210621235;389.3461311;0.809734777
62.58658332;8.588391233;528.7932877;0.93788507
86.37400717;6.6502194;303.426098;0.813802694
95.00254174;6.287143667;676.428438;0.938472807
15.56027461;6.070915758;981.0830037;0.832163654
92.73217489;7.925914501;643.1437864;0.781875709
49.71951301;7.821282108;422.0326757;0.981210921
26.56619444;7.640092238;683.0357014;0.872180131
46.45443987;6.695841288;210.6286106;0.818990972
98.02322495;7.172717988;899.7931722;0.906572795
49.76919131;7.783429006;552.7755557;0.964597125
33.54640942;7.490300577;504.4147678;0.775304984
63.70668458;8.963356561;627.2783096;0.940842869
24.77441626;6.409319258;662.3054765;0.932876013
8.510469483;8.085433662;164.5982256;0.988624142
13.75909247;7.212956304;714.3554991;0.989677546
13.67653806;7.284598845;317.7385123;0.752097129
16.03836666;8.152793297;742.5573693;0.731819424
14.74389009;8.077308454;840.2813149;0.827095555
64.44659974;8.973767981;823.5626568;0.893658567
19.00612836;6.385182868;597.2508707;0.817429576
35.22106105;6.312328948;568.1529031;0.882542912
89.78205258;8.173016451;228.5883652;0.73642844
47.92220239;7.735160751;797.8115354;0.923055361
67.08821611;6.822482;344.2684424;0.749268347
18.05966725;6.238258107;547.0258805;0.728614268
20.03661286;6.256974749;355.8466836;0.737311598
5.04599301;8.682572624;220.4455267;0.718754526
17.72457124;6.575601974;666.6019272;0.989569713
28.58044356;6.970114686;148.8988313;0.840343115
18.52403794;6.679969207;773.7807107;0.863514049
9.781550842;7.064988917;385.8281157;0.993004843
12.94295124;6.208271528;100.1212237;0.927086747
46.61709804;7.557179373;560.0162253;0.729279741
21.42703812;6.202837691;142.1667177;0.721180014
37.06271624;8.401069523;348.552602;0.900582316
50.83830981;6.701136246;736.2788387;0.84947275
69.34908803;7.620035744;156.4206595;0.798442829
4.891901844;8.640237263;855.4046431;0.741478271
80.14162949;7.952632107;103.4379304;0.967068611
63.16213856;7.59887336;322.1414823;0.921493693
9.094144163;6.973001259;766.8136505;0.888858485
87.48428379;6.999005739;384.6431348;0.735849168
92.16636765;8.008460866;191.7031493;0.895817367
7.046718026;8.982418084;424.2105269;0.700280451
28.41088717;7.98551757;343.3539577;0.887089321
80.8139267;7.673350252;858.4407119;0.82477319
75.07770935;8.191951531;382.0131258;0.715864497
19.26758092;7.395616837;810.0392246;0.944520631
21.72558301;6.180427028;902.6849303;0.846687822
37.67673818;7.686890448;490.4356776;0.79730381
48.96777553;8.872875854;918.9488295;0.901661415
62.20722238;6.525908827;439.5862486;0.736031138
37.52245032;8.070014672;967.6705748;0.775014975
46.7909369;6.602801066;180.3605721;0.849473859
74.99962288;7.607483053;718.3173399;0.81241344
4.631637086;6.290029349;544.4326364;0.937924061
25.99125749;7.351112809;448.8839249;0.913042686
71.621609;8.268489987;669.4406909;0.737628211
89.62547693;7.042714573;733.4713825;0.870899192
51.65606677;7.994735173;103.9269427;0.981805608
53.67923504;8.386349882;250.2577799;0.919752008
11.61002912;8.781533458;741.7414456;0.802880564
45.29382432;6.703926246;699.7468722;0.804447533
53.72910938;7.197947747;969.4427546;0.951006737
25.00457986;6.45724804;784.9340112;0.705365905
27.65507986;8.977450506;955.695437;0.981975366
38.35113215;8.781002904;732.2864514;0.713825965
2.98704858;7.619871391;368.2469878;0.961699854
32.88583739;8.526099883;194.82843;0.753790887
21.93335269;7.562873932;803.641477;0.726996972
33.42223787;7.870757064;679.7342993;0.762762828
12.85645105;6.267373296;143.3674112;0.996438394
89.16220079;8.265811261;424.0454193;0.8854647
59.7656529;6.383140451;961.1198339;0.833634919
68.2311296;8.478202891;550.3610311;0.718528917
79.12795262;8.346084263;489.4562224;0.918964757
50.34577769;8.126234093;511.9296446;0.898329266
9.605108521;6.108481142;287.9944516;0.764364498
54.17354764;6.909385068;431.8364538;0.86986771
59.09727068;6.78933771;432.8319304;0.710325481
74.79850794;7.080409222;147.1195182;0.862766081
43.73429508;6.26292824;790.8108657;0.845268584
13.63044998;8.810873469;474.8539887;0.947573357
29.09381467;7.661406722;839.9618981;0.823191515
36.94514734;6.916572932;865.313201;0.904456932
64.94580689;7.190944551;290.7946492;0.870215167
57.50705216;7.341607622;691.618134;0.70466632
36.25357586;7.801783;525.0536237;0.763460014
98.66500963;7.547038283;892.1410641;0.739504093
60.97170712;8.75817592;294.1666113;0.96449904
24.48545238;7.490890449;710.0318803;0.783906283
11.07646479;8.976474044;646.97691;0.71452436
16.13305478;8.554274873;365.7713298;0.830910772
25.34981511;6.625531543;222.9408133;0.912129702
16.90745595;8.791785644;686.4757844;0.730949257
19.47013538;6.349099194;764.7377123;0.753302069
29.2244217;8.452349125;384.0646094;0.841045363
18.16398593;7.14186988;680.3493436;0.897904464
89.77977704;8.633922961;455.6178169;0.890497806
8.943140821;8.60417007;741.886195;0.836964554
52.92662757;8.4177762;279.2937474;0.759954595
41.62928587;8.370091309;901.1935024;0.773108269
98.25548307;6.914037417;358.6686368;0.811880466
12.09185131;6.242757849;431.007389;0.998197011
40.38770431;7.208940536;152.2827569;0.721047196
96.97757289;6.520573545;200.3609911;0.77981312
86.68520546;8.084853267;564.2757124;0.982265402
81.89013502;7.03829918;340.8334091;0.962342587
26.53237988;8.926830603;851.9322032;0.834052913
17.91787115;7.922916232;113.2240498;0.866643775
67.19567877;8.467441691;441.1846438;0.833354848
93.00822292;6.397574018;403.6109921;0.800138181
56.11952641;8.586043447;117.3948678;0.924148414
57.58965626;8.768271572;211.9315591;0.853494679
28.71793027;7.461185756;472.2784074;0.867228743
77.17980039;7.818758813;543.578126;0.751034253
19.51733111;8.294429403;463.8607725;0.848300733
33.0442444;6.524515882;577.8439106;0.841687975
43.11820742;7.507698229;635.6185074;0.901742864
51.25342749;7.195989083;108.931439;0.931208822
24.99856351;6.439121976;517.6856435;0.90506585
12.36884565;7.102603267;967.1493168;0.837692737
61.4513842;6.204516928;567.1290521;0.787648969
29.57442477;6.077435721;709.7880407;0.981914039
58.54258392;6.405498867;380.6774721;0.847581084
16.28190881;8.889345335;796.5922403;0.956076614
48.63287008;7.648588608;795.6293337;0.99797258
53.72635382;8.897466483;569.1664429;0.898634214
6.130530145;7.297493635;978.412441;0.934995706
34.32382354;6.935448399;212.9951933;0.707179822
14.30705302;7.518425589;115.2528984;0.733964487
7.274122077;7.318535066;793.1423906;0.733463651
99.00606301;6.316994053;826.4399836;0.702414537
32.91303065;7.922478944;208.1865062;0.710413137
81.17757014;6.648114548;339.0245497;0.844152198
26.20942482;7.858763865;115.797127;0.836924584
68.4687695;7.950603277;363.9777497;0.975445268
76.26255813;6.456074559;795.8276865;0.90526243
59.96823532;6.184048881;566.1644749;0.940101726
47.68604267;8.342284758;413.2860339;0.737193648
41.7722505;7.379401271;434.5653654;0.766480477
35.53795839;6.174491387;101.2182631;0.82214727
93.02338528;8.984598952;369.8204748;0.909246743
83.23132137;6.173341683;681.8128675;0.814458229
96.53766416;8.085105687;976.7749994;0.920698196
13.30542513;8.951036776;862.3547443;0.735372533
73.35588005;6.717540313;121.2354682;0.708894757
93.89570523;6.426748106;908.7045442;0.770267083
18.94207355;6.364154818;804.878572;0.984549007
7.583130469;6.909825443;802.3385112;0.726269931
74.37094428;6.303137433;512.1961831;0.712646113
57.8728382;8.076484025;458.2047637;0.835733438
84.3410489;6.186875394;372.6241559;0.815208173
14.83746529;7.528266384;159.1253731;0.791575756
79.73146387;8.990090562;305.4118271;0.910588768
20.96110468;8.441910809;321.9432715;0.802088517
17.20193834;7.845658315;535.6693627;0.940367795
17.262314;6.918760862;772.6999659;0.985741438
81.6428973;7.871687509;526.4288456;0.864810557
66.85452485;7.581124392;152.0600045;0.95321873
52.78347705;7.278250152;962.0108209;0.77092193
36.52421793;6.39213113;948.4518872;0.987523964
87.84285354;8.659812646;806.6705888;0.915101484
39.85206563;7.349353946;992.1951114;0.94863795
81.84334451;6.583867535;590.0340995;0.86898536
44.47435595;7.103278053;966.4915152;0.945418683
38.31749851;7.242389258;168.0445366;0.810181393
46.80529878;8.482613687;429.1126734;0.899339255
30.83640954;8.200843142;302.8431412;0.709542904
75.01332864;8.307914681;276.2497757;0.922618764
50.76931862;6.033093793;226.722654;0.871131085
23.98905682;7.248461995;660.1722774;0.7983587
90.05788275;7.444032455;803.1896702;0.871158804
39.00523092;6.05757683;620.4685595;0.82557325
54.81173325;6.779439626;232.2664386;0.943904669
90.74073899;8.280869469;830.0113929;0.803888172
62.7995616;6.411329117;672.3592364;0.797346611
12.57290603;7.605930394;449.3491355;0.78064595
94.04338024;6.645605616;706.717266;0.946124845
63.14309725;6.036362324;333.9144813;0.774274342
34.15565585;6.723604373;410.6729876;0.912471757
14.78793519;8.927621265;925.7372588;0.726299959
79.60849374;8.404611336;361.4540551;0.724236346
62.38720284;8.878729933;522.9894413;0.750855869
53.81264811;7.463562132;901.1270237;0.944858954
89.49536572;6.329208596;736.9492152;0.814957556
79.07112391;7.643878467;155.9829035;0.795752066
16.01581309;7.363132004;232.5727399;0.752374297
31.86048471;8.533071248;107.0574317;0.775450469
25.60042484;6.294247742;667.8296112;0.837102123
74.65068296;7.464723411;502.9060829;0.818456578
4.319711039;6.450145994;220.8473658;0.745154371
57.4190788;6.974027781;962.140709;0.704896322
76.48340989;8.212071232;576.6937516;0.911073416
87.79979804;7.428054388;317.7039647;0.786018807
34.86609312;7.127664855;550.543214;0.869306392
82.30447316;7.183428836;711.6582995;0.975632615
11.95254196;7.378340305;168.6152962;0.801591596
84.79877688;8.355049632;347.2334335;0.746197913
13.62137757;8.676254067;826.2689418;0.924370318
40.33144177;8.86600406;513.6983834;0.886180767
79.93224121;8.360710159;591.9194278;0.718007329
15.84182531;6.946220687;489.534402;0.996797428
23.69588813;8.064404118;139.5099484;0.875115075
72.50300427;7.312809372;249.1748018;0.920693591
72.28361712;6.764011866;500.9874749;0.979101617
64.47361566;8.522614738;288.2669189;0.860270568
69.700896;6.115279047;144.9811258;0.823820738
54.72971989;8.705285976;859.2846976;0.834879578
25.92810683;7.384432394;983.0732762;0.738366817
35.22390336;7.91160443;813.8285866;0.990343191
18.97817396;7.978061767;868.4064295;0.905930401
90.93660557;8.685353222;317.7794173;0.83294153
58.75578768;7.910009047;964.564278;0.867073591
40.68429026;7.841800754;277.233134;0.922817948
46.73857456;6.199956122;956.2868293;0.830801723
94.78105062;7.555224066;995.3373646;0.962163589
16.18178891;6.450507002;740.5505252;0.7256152
59.03675337;8.212301306;983.0293586;0.764209715
51.08297921;7.536665762;612.5858016;0.976056892
61.53396931;8.040683338;333.5876049;0.936194828
2.792908198;6.125018702;493.2962971;0.739894383
87.34026699;6.254376048;634.2048418;0.822252519
93.27970997;8.148970164;165.7734058;0.980041107
56.94818518;6.216253008;660.1089382;0.968423475
69.96843156;6.213770183;983.0600531;0.940473919
92.32743874;6.036325426;271.0968848;0.788543158
71.0166248;8.869504195;813.3356047;0.709943896
16.10136525;8.212525078;917.1089144;0.929919101
58.05254766;7.059754226;949.3314335;0.753433718
61.06478959;6.889606744;964.122044;0.859568382
42.98893646;7.049109689;569.3136748;0.958983753
73.90797933;8.323960594;979.5771172;0.700084161
93.50233446;7.984111833;781.5791864;0.738478791
92.63128278;6.555586704;245.5042926;0.984009298
45.63309777;6.522328006;529.2100958;0.890558386
12.21056654;6.295186949;746.4980578;0.949652222
98.4992787;7.980908159;322.6062842;0.976403837
84.05091056;8.293117987;676.5536652;0.972412992
13.34160544;6.795139285;699.9404311;0.91512802
92.16334638;6.062834883;246.4297694;0.856963382
87.11973984;6.246515002;608.5767812;0.725452033
52.36496766;8.903580105;794.4642199;0.862737935
59.53626814;6.886334332;549.0060981;0.93950349
40.50126768;8.307669444;110.8928051;0.743559801
6.421402243;7.873990707;108.1346222;0.980317012
34.18452692;7.145818919;421.3264096;0.892564225
80.48249141;6.617061787;933.5746616;0.840901231
1.458570277;6.364159254;305.8091016;0.78808423
34.016418;7.845038904;670.92732;0.941647774
40.41870067;8.323901342;299.8682836;0.869870714
54.20216469;7.931712761;389.5029907;0.839960219
92.06570602;7.5909064;863.2378806;0.710136208
35.28825344;6.12585367;755.975298;0.989113987
35.34836699;8.905466333;185.8593496;0.723857919
74.01262356;8.396142575;485.8318189;0.828306779
45.76957615;6.87846611;126.2527873;0.769513172
23.23587747;8.939910988;532.8011319;0.954202968
45.7915121;7.805644769;696.1906105;0.98284091
14.94484502;7.747267975;206.6523612;0.790811812
18.46231166;8.244219538;359.996445;0.967159666
50.3384095;8.435309364;458.052963;0.914852681
42.4736195;7.969435822;927.5779222;0.991761423
91.56974421;6.384287239;993.9295139;0.910290476
36.87699601;7.014802518;140.4201691;0.740560208
58.47824668;8.784250921;784.9071311;0.936229386
63.5941645;6.673846836;434.5516598;0.704416676
2.296351202;7.116501072;453.2123676;0.927532563
66.69019983;7.296230649;778.838476;0.838534205
18.62556072;7.318214969;926.5837889;0.960621293
96.14596143;7.838818747;955.8357351;0.733657621
15.71761005;8.829227513;619.4103274;0.880918117
42.04778825;6.722078135;421.4090434;0.853441136
9.44961714;6.364504129;808.7941773;0.81241319
99.69055093;6.59241147;325.9012449;0.744219889
50.71730602;8.660774701;607.666626;0.783984695
59.94311671;7.937432438;422.7206154;0.774596628
7.640571261;6.857720368;690.9679663;0.97927163
75.24608657;8.447840817;316.3590216;0.780411306
21.78065372;8.584109989;272.4336512;0.98341316
89.90737465;8.539543016;926.415178;0.914470658
21.30882441;8.756779601;191.6233147;0.767002052
19.87808435;6.756723061;555.362117;0.891550893
4.618417117;8.265125786;298.7675047;0.806855889
47.73462757;7.381618492;135.036967;0.968825015
56.91927219;8.525995659;132.4169365;0.701066587
7.505155303;8.185472031;257.6995949;0.912140199
77.77723405;8.329342339;880.0933191;0.703062973
45.87559464;7.968485513;354.2308696;0.933224778
52.91463666;6.532286308;955.4132535;0.835930213
44.63551195;7.635080757;623.4600637;0.852643436
40.67554303;8.954009219;492.9527708;0.930403768
56.4043928;8.812164199;622.0799512;0.750252941
16.36878435;6.129521207;565.0285467;0.775703883
19.01088492;6.494444447;782.8986284;0.760148447
86.31677648;6.39518632;354.2464594;0.83856263
94.66543075;8.17793973;417.7453524;0.888498443
37.95762231;8.45335599;904.6848723;0.981668091
27.80372264;6.640534099;951.8108618;0.750543049
64.75595478;7.517558079;903.3024047;0.959957752
41.46468294;8.522109084;477.5031946;0.748903786
3.51324921;8.198404634;802.3289527;0.769905779
16.45910714;7.626711616;528.70216;0.916993537
71.88125066;7.771043071;547.7858669;0.759587317
66.23347025;7.525081641;284.2120982;0.71536646
3.682503258;6.892645354;632.0172729;0.957408756
22.97524403;7.695065979;267.522308;0.820005692
23.87640486;8.066655906;398.4082292;0.896861204
67.51738162;8.619968748;869.5271815;0.827807373
2.951343238;7.908874062;286.3682283;0.757423313
11.30674962;8.283364611;164.0424567;0.913460286
80.19169245;6.480214905;162.1068334;0.931597923
18.67592154;7.384672423;946.7060685;0.980005267
65.62186468;6.027994859;556.2283942;0.96239523
24.58009532;6.740036594;468.4708646;0.776587431
10.84469788;8.179385145;829.7907229;0.878306192
25.07404691;8.975429854;852.2433351;0.906945622
72.50442625;6.297534299;398.9719298;0.88885735
85.71395034;7.204482948;724.2562517;0.799927789
83.19176659;8.400212906;794.0105343;0.778675852
40.32116943;6.612106904;689.1856182;0.82496879
67.14042852;7.665254848;236.4355673;0.736082993
21.29344525;8.199213888;888.2947752;0.823013491
30.0216253;7.847956351;585.1850975;0.868229722
89.73724603;6.564074204;354.2251837;0.765318187
2.287190428;7.066153706;482.7053669;0.927371259
9.465344555;8.351375353;133.8139814;0.767057693
21.58073926;7.662679542;215.0801211;0.936579267
3.626688184;6.015688841;788.9920755;0.720631368
18.96210807;8.28297228;100.0104713;0.875868532
58.72111454;6.105934065;474.9092456;0.884405337
42.72103051;8.237201348;570.259163;0.870560838
89.3744994;6.60744168;149.170978;0.745708144
81.92691261;8.87422044;975.7703467;0.945728895
34.83991782;7.103822254;303.5127981;0.760048324
26.68291991;6.980794849;373.7788477;0.921473606
38.58954841;6.446664151;373.548261;0.687749766
59.43919931;6.916812646;307.3749959;0.919673906
27.53830044;8.629952285;101.3264399;0.977680812
62.79074188;8.989003013;756.4103147;0.901851001
41.53175357;7.104928592;970.1609498;0.949683826
55.6526709;7.345831893;301.864135;0.685329046
44.17652638;8.166212815;696.7424726;0.978477669
30.15211019;8.658587341;767.7066943;0.840921519
94.89687739;7.779133003;863.5828412;0.776764042
76.59697362;7.174577095;480.3662773;0.938622451
14.8712044;7.237865523;372.6378151;0.772822923
86.97832961;8.086854439;392.7656206;0.846771215
49.25568863;6.009654791;741.3591998;0.967598733
89.56067046;7.858768012;835.1015199;0.837356561
80.18567034;7.066479031;263.452571;0.778039651
43.09613694;8.382591994;433.8469073;0.960465822
3.224461524;6.278971919;911.7461771;0.789381421
27.59905858;7.764606801;826.0241677;0.906847453
54.62178725;7.44291867;986.3725625;0.656437576
63.71434376;7.926976578;778.8234337;0.93786878
26.53088086;6.194560783;453.8756809;0.930857525
14.79625133;7.739951362;631.5740506;0.984893205
83.65809344;7.684453764;694.9128288;0.676724508
98.45581589;7.681980283;170.6102347;0.652101161
53.04332805;7.810463;590.0472632;0.868813921
17.9962493;8.029403812;738.3887456;0.747831397
27.95842533;8.414966999;250.5891736;0.84093356
2.820676978;6.80946216;802.5685457;0.733338693
91.51558185;8.475148231;625.3955025;0.818356221
12.65735721;7.494767047;956.9996071;0.87132546
58.07513108;6.231174837;138.1800684;0.666256331
28.13146685;6.175652788;338.7935238;0.653733875
55.86362225;7.002714956;641.3984914;0.985135821
65.49061845;8.354690931;366.903921;0.992722832
83.14443857;8.123042804;742.9817477;0.722184272
21.4357059;8.365844894;783.1047543;0.920641882
2.088587037;7.551807169;192.2643677;0.696447417
14.55167738;7.320596994;562.4690178;0.816739128
90.10184554;6.44235758;558.0015;0.976968364
87.51511768;6.984578261;432.3526932;0.770779276
60.14389711;7.302058099;939.6323763;0.995835054
60.45116918;6.265801289;844.7556879;0.954180417
66.83863078;6.661835858;727.4884437;0.757797697
18.36175658;7.794675882;742.8939722;0.703680399
91.52678265;8.206989343;515.5445294;0.757945922
42.45828196;8.995042534;928.895069;0.937224024
38.9307143;8.799339994;725.1358845;0.845624481
52.37285282;7.927695599;756.0829555;0.683829084
5.649630711;7.26374416;875.5218134;0.67356805
17.46205351;7.908532094;346.6644304;0.924523493
74.06532803;8.356954854;826.3638135;0.774505629
9.197068125;6.355008573;275.7165427;0.743933495
60.71205884;7.229714669;410.807757;0.712634892
25.28956186;8.519406857;402.0494088;0.696115469
39.54026579;7.151498856;980.6729216;0.781899162
29.58067994;7.715616814;870.8835014;0.981575813
36.21159893;7.763308083;731.0528754;0.65571992
72.18554461;6.553428759;754.3510855;0.85510542
30.41504985;7.086706325;605.865515;0.775003346
57.07405939;7.003533866;952.3816004;0.979820264
48.12898982;6.078590126;546.6328776;0.686247881
66.70344537;6.072575292;442.4659389;0.943902222
93.74614419;8.495091131;246.7318032;0.678809145
73.52463762;6.81921243;807.585087;0.955430475
22.27909748;7.554236299;760.9995389;0.746478624
4.087130371;6.896176721;445.9195347;0.987541824
26.96414039;8.822037735;122.6740726;0.824835632
59.91271514;6.777890277;855.0975949;0.875267027
6.091155535;7.288970438;110.2761851;0.777278547
50.14025847;8.618190751;733.3298017;0.901621017
60.08744204;8.5258007;973.2313988;0.715996828
34.09014519;6.558304254;493.8951953;0.823404902
77.32030817;8.407929929;311.4760645;0.939638609
11.55322706;7.37456066;734.383909;0.883486441
8.438640392;7.448906616;835.4153278;0.899727116
73.09068686;6.400439917;591.7872845;0.795802168
50.0536403;6.241804541;970.3317477;0.920283368
69.15183725;8.183817921;146.5018495;0.835830565
44.04790652;7.489383457;554.3160385;0.713958293
25.39380129;7.310552108;746.6085526;0.917462771
82.09112945;8.188524686;876.376424;0.89478846
80.14217202;8.296538697;261.3300507;0.678125416
69.77495061;6.476724503;820.0031336;0.823621064
27.94236859;7.830675448;597.4363681;0.939969326
59.43283602;6.406062247;456.8983138;0.784549237
36.7364158;8.254125258;218.5435257;0.996474493
10.06662526;7.970865469;878.766183;0.66033446
91.81404397;8.869843863;241.5458874;0.66529868
14.54504446;6.206874049;378.8090733;0.929164586
95.07349803;6.171164163;361.0409788;0.905910616
45.15457152;6.846561224;884.2726308;0.82575116
